{
  "timestamp": "2026-05-09T16:36:14.569233",
  "model_type": "SVD (Optimized)",
  "best_params": {
    "n_factors": 50,
    "n_epochs": 20,
    "lr_all": 0.005,
    "reg_all": 0.1
  },
  "data_stats": {
    "total_ratings": 7401,
    "unique_users": 200,
    "unique_hotels": 255,
    "score_distribution": {
      "1.0": 56,
      "2.0": 2552,
      "3.0": 3453,
      "4.0": 573,
      "5.0": 767
    }
  },
  "evaluation": {
    "optimized_rmse": 0.9529916539503047,
    "optimized_mae": 0.717470975481373,
    "baseline_rmse": 0.9586208368100422,
    "baseline_mae": 0.7279710338934038,
    "rmse_improvement_pct": 0.5872168268811502,
    "mae_improvement_pct": 1.442373105956349
  }
}