{
  "timestamp": "2026-05-06T18:04:39.179446",
  "model_type": "SVD (Optimized)",
  "best_params": {
    "n_factors": 50,
    "n_epochs": 20,
    "lr_all": 0.005,
    "reg_all": 0.1
  },
  "data_stats": {
    "total_ratings": 7240,
    "unique_users": 200,
    "unique_hotels": 255,
    "score_distribution": {
      "1.0": 60,
      "2.0": 2510,
      "3.0": 3359,
      "4.0": 566,
      "5.0": 745
    }
  },
  "evaluation": {
    "optimized_rmse": 0.9520907824188377,
    "optimized_mae": 0.7236533846822242,
    "baseline_rmse": 0.9634503909344054,
    "baseline_mae": 0.7348900707388358,
    "rmse_improvement_pct": 1.1790548452163239,
    "mae_improvement_pct": 1.529029511218547
  }
}